{
  "sl_mult": 2.75,
  "tp_mult": 3.0,
  "max_duration": 100,
  "trail_atr": 0.5,
  "trades": 110,
  "win_rate": 0.5272727272727272,
  "expectancy": 0.0006328116883117067,
  "sharpe": null,
  "drawdown": null
}