{
  "sl_mult": 0.5,
  "tp_mult": 0.5,
  "trades": 61,
  "win_rate": 0.4918032786885246,
  "expectancy": 0.0077213114754094425
}