{
  "sl_mult": 0.5,
  "tp_mult": 0.5,
  "max_duration": 10,
  "trail_atr": 0.5,
  "trades": 188,
  "win_rate": 0.5053191489361702,
  "expectancy": 7.872340425532117e-05,
  "sharpe": null,
  "drawdown": null
}