{
  "sl_mult": 0.5,
  "tp_mult": 0.5,
  "trades": 185,
  "win_rate": 0.4918918918918919,
  "expectancy": 3.529729729730071e-05
}