{
  "timestamp": "2025-12-29T02:57:35.382199",
  "strategy": "VolatilityRegime",
  "parameters": {
    "lookback": 100,
    "vol_window": 20,
    "regime_threshold": 1.5,
    "breakout_mult": 2.0,
    "spike_mult": 3.0,
    "mean_revert_mult": 0.5,
    "atr_period": 14,
    "stop_loss_atr": 2.0,
    "profit_target_atr": 3.0,
    "max_hold_bars": 50,
    "min_vol_ratio": 0.3
  },
  "results": [
    {
      "trades": 4,
      "wins": 2,
      "losses": 2,
      "win_rate": 0.5,
      "avg_win": 0.0004392857142856421,
      "avg_loss": 0.00030714285714272815,
      "profit_factor": 1.4302325581399005,
      "expectancy": 6.607142857145698e-05,
      "total_pnl": 0.0002642857142858279,
      "total_return_pct": 0.022447568839888844,
      "max_drawdown_pct": 0.05214438041496199,
      "sharpe_ratio": 2.7851527025873475,
      "sortino_ratio": 14.161408214150361,
      "avg_trade_duration": 9.25,
      "largest_win": 0.0004521428571429009,
      "largest_loss": -0.0003814285714285326,
      "max_consecutive_wins": 1,
      "max_consecutive_losses": 2,
      "pair": "EUR_USD",
      "granularity": "M1"
    },
    {
      "trades": 6,
      "wins": 3,
      "losses": 3,
      "win_rate": 0.5,
      "avg_win": 0.0007528571428571477,
      "avg_loss": 0.0004661904761904534,
      "profit_factor": 1.614913176711019,
      "expectancy": 0.00014333333333334714,
      "total_pnl": 0.0008600000000000829,
      "total_return_pct": 0.07289950006703293,
      "max_drawdown_pct": 0.05977503275885376,
      "sharpe_ratio": 3.6542138696801576,
      "sortino_ratio": 13.6517660016176,
      "avg_trade_duration": 17.0,
      "largest_win": 0.0008335714285714335,
      "largest_loss": -0.0006942857142857584,
      "max_consecutive_wins": 3,
      "max_consecutive_losses": 2,
      "pair": "EUR_USD",
      "granularity": "M5"
    },
    {
      "trades": 6,
      "wins": 4,
      "losses": 2,
      "win_rate": 0.6666666666666666,
      "avg_win": 0.001197857142857195,
      "avg_loss": 0.0016292857142856665,
      "profit_factor": 1.4704077159141797,
      "expectancy": 0.00025547619047624104,
      "total_pnl": 0.0015328571428574467,
      "total_return_pct": 0.12958090575482856,
      "max_drawdown_pct": 0.18496514021859184,
      "sharpe_ratio": 2.9669336103110773,
      "sortino_ratio": 10.82520767715633,
      "avg_trade_duration": 20.0,
      "largest_win": 0.001542857142857068,
      "largest_loss": -0.0020000000000000018,
      "max_consecutive_wins": 3,
      "max_consecutive_losses": 1,
      "pair": "EUR_USD",
      "granularity": "M15"
    },
    {
      "trades": 12,
      "wins": 7,
      "losses": 5,
      "win_rate": 0.5833333333333334,
      "avg_win": 0.0004509183673469292,
      "avg_loss": 0.0002602857142856685,
      "profit_factor": 2.4253567508236467,
      "expectancy": 0.00015458333333334684,
      "total_pnl": 0.001855000000000162,
      "total_return_pct": 0.13758459366257741,
      "max_drawdown_pct": 0.03161745310189872,
      "sharpe_ratio": 6.822807859424535,
      "sortino_ratio": 58.62447620187608,
      "avg_trade_duration": 7.25,
      "largest_win": 0.00056785714285712,
      "largest_loss": -0.00032285714285706923,
      "max_consecutive_wins": 2,
      "max_consecutive_losses": 2,
      "pair": "GBP_USD",
      "granularity": "M1"
    },
    {
      "trades": 8,
      "wins": 2,
      "losses": 6,
      "win_rate": 0.25,
      "avg_win": 0.0007367857142857037,
      "avg_loss": 0.0008766666666667108,
      "profit_factor": 0.28014665942420786,
      "expectancy": -0.00047330357142860713,
      "total_pnl": -0.003786428571428857,
      "total_return_pct": -0.2801602449101847,
      "max_drawdown_pct": 0.2801602449101847,
      "sharpe_ratio": -10.141010877860785,
      "sortino_ratio": -27.879793890673405,
      "avg_trade_duration": 22.75,
      "largest_win": 0.0008935714285713825,
      "largest_loss": -0.0014028571428572612,
      "max_consecutive_wins": 1,
      "max_consecutive_losses": 4,
      "pair": "GBP_USD",
      "granularity": "M5"
    },
    {
      "trades": 5,
      "wins": 2,
      "losses": 3,
      "win_rate": 0.4,
      "avg_win": 0.001787499999999942,
      "avg_loss": 0.0015280952380952357,
      "profit_factor": 0.7798379557494305,
      "expectancy": -0.00020185714285716452,
      "total_pnl": -0.0010092857142858236,
      "total_return_pct": -0.07741292688933754,
      "max_drawdown_pct": 0.2731962467822996,
      "sharpe_ratio": -1.7232497412492562,
      "sortino_ratio": -4.63713914113344,
      "avg_trade_duration": 22.2,
      "largest_win": 0.003074999999999939,
      "largest_loss": -0.002511428571428498,
      "max_consecutive_wins": 1,
      "max_consecutive_losses": 2,
      "pair": "GBP_USD",
      "granularity": "M15"
    },
    {
      "trades": 22,
      "wins": 8,
      "losses": 14,
      "win_rate": 0.36363636363636365,
      "avg_win": 0.05413392857142796,
      "avg_loss": 0.040704081632650206,
      "profit_factor": 0.7599649034846273,
      "expectancy": -0.006217532467530873,
      "total_pnl": -0.1367857142856792,
      "total_return_pct": -0.087622145393143,
      "max_drawdown_pct": 0.1567387234688628,
      "sharpe_ratio": -1.9593244806677192,
      "sortino_ratio": -5.215219565586805,
      "avg_trade_duration": 12.318181818181818,
      "largest_win": 0.09407142857142503,
      "largest_loss": -0.08142857142857451,
      "max_consecutive_wins": 2,
      "max_consecutive_losses": 4,
      "pair": "USD_JPY",
      "granularity": "M1"
    },
    {
      "trades": 6,
      "wins": 2,
      "losses": 4,
      "win_rate": 0.3333333333333333,
      "avg_win": 0.12464285714284529,
      "avg_loss": 0.06114285714285472,
      "profit_factor": 1.0192757009345228,
      "expectancy": 0.0007857142857119401,
      "total_pnl": 0.004714285714271682,
      "total_return_pct": 0.0028397087222037953,
      "max_drawdown_pct": 0.10703879042882794,
      "sharpe_ratio": 0.132188138722691,
      "sortino_ratio": 0.6433068117302623,
      "avg_trade_duration": 13.333333333333334,
      "largest_win": 0.16628571428569217,
      "largest_loss": -0.07742857142858384,
      "max_consecutive_wins": 1,
      "max_consecutive_losses": 3,
      "pair": "USD_JPY",
      "granularity": "M5"
    },
    {
      "trades": 2,
      "wins": 1,
      "losses": 1,
      "win_rate": 0.5,
      "avg_win": 0.4609285714285818,
      "avg_loss": 0.10885714285714698,
      "profit_factor": 4.234251968503871,
      "expectancy": 0.1760357142857174,
      "total_pnl": 0.3520714285714348,
      "total_return_pct": 0.22676913055980547,
      "max_drawdown_pct": 0.06932251344146768,
      "sharpe_ratio": 9.854803718391365,
      "sortino_ratio": 0.0,
      "avg_trade_duration": 25.0,
      "largest_win": 0.4609285714285818,
      "largest_loss": -0.10885714285714698,
      "max_consecutive_wins": 1,
      "max_consecutive_losses": 1,
      "pair": "USD_JPY",
      "granularity": "M15"
    },
    {
      "trades": 8,
      "wins": 3,
      "losses": 5,
      "win_rate": 0.375,
      "avg_win": 0.00027404761904759045,
      "avg_loss": 0.00016742857142857393,
      "profit_factor": 0.9820819112626815,
      "expectancy": -1.8750000000122835e-06,
      "total_pnl": -1.5000000000098268e-05,
      "total_return_pct": -0.002262836207064538,
      "max_drawdown_pct": 0.061913578432455325,
      "sharpe_ratio": -0.12348561880926874,
      "sortino_ratio": -0.6062030392433583,
      "avg_trade_duration": 16.125,
      "largest_win": 0.0004885714285713938,
      "largest_loss": -0.00023571428571433906,
      "max_consecutive_wins": 2,
      "max_consecutive_losses": 2,
      "pair": "AUD_USD",
      "granularity": "M1"
    },
    {
      "trades": 6,
      "wins": 4,
      "losses": 2,
      "win_rate": 0.6666666666666666,
      "avg_win": 0.0006076785714285993,
      "avg_loss": 0.0004514285714286026,
      "profit_factor": 2.6922468354429756,
      "expectancy": 0.0002546428571428653,
      "total_pnl": 0.0015278571428571919,